訂單編號,日期,星期,分店,品項,類別,數量,單價,金額
T1019,2026-07-01,星期三,中壢店,卡布奇諾,咖啡,3,95,285
T1020,2026-07-01,星期三,中壢店,紅茶,茶飲,2,50,100
T1021,2026-07-01,星期三,中壢店,拿鐵,咖啡,3,90,270
T1022,2026-07-01,星期三,中壢店,拿鐵,咖啡,2,90,180
T1023,2026-07-01,星期三,中壢店,拿鐵,咖啡,2,90,180
T1024,2026-07-01,星期三,中壢店,起司蛋糕,烘焙,2,120,240
T1025,2026-07-01,星期三,中壢店,卡布奇諾,咖啡,1,95,95
T1026,2026-07-01,星期三,中壢店,拿鐵,咖啡,2,90,180
T1001,2026-07-01,星期三,信義店,拿鐵,咖啡,2,90,180
T1002,2026-07-01,星期三,信義店,紅茶,茶飲,1,50,50
T1003,2026-07-01,星期三,信義店,起司蛋糕,烘焙,2,120,240
T1004,2026-07-01,星期三,信義店,抹茶拿鐵,茶飲,2,100,200
T1005,2026-07-01,星期三,信義店,可頌,烘焙,2,60,120
T1006,2026-07-01,星期三,信義店,起司蛋糕,烘焙,2,120,240
T1007,2026-07-01,星期三,信義店,可頌,烘焙,2,60,120
T1008,2026-07-01,星期三,信義店,卡布奇諾,咖啡,1,95,95
T1009,2026-07-01,星期三,板橋店,美式咖啡,咖啡,1,70,70
T1010,2026-07-01,星期三,板橋店,可頌,烘焙,2,60,120
T1011,2026-07-01,星期三,板橋店,美式咖啡,咖啡,3,70,210
T1011,2026-07-01,星期三,板橋店,美式咖啡,咖啡,3,70,210
T1012,2026-07-01,星期三,板橋店,卡布奇諾,咖啡,1,95,95
T1013,2026-07-01,星期三,板橋店,拿鐵,咖啡,1,90,90
T1014,2026-07-01,星期三,板橋店,拿鐵,咖啡,1,90,90
T1015,2026-07-01,星期三,板橋店,可頌,烘焙,3,60,180
T1016,2026-07-01,星期三,板橋店,卡布奇諾,咖啡,1,95,95
T1017,2026-07-01,星期三,板橋店,紅茶,茶飲,1,50,50
T1018,2026-07-01,星期三,板橋店,抹茶拿鐵,茶飲,1,100,100
T1047,2026-07-02,星期四,中壢店,美式咖啡,咖啡,2,70,140
T1048,2026-07-02,星期四,中壢店,肉桂捲,烘焙,2,85,170
T1049,2026-07-02,星期四,中壢店,肉桂捲,烘焙,1,85,85
T1050,2026-07-02,星期四,中壢店,肉桂捲,烘焙,1,85,85
T1051,2026-07-02,星期四,中壢店,紅茶,茶飲,2,50,100
T1051,2026-07-02,星期四,中壢店,紅茶,茶飲,2,50,100
T1052,2026-07-02,星期四,中壢店,卡布奇諾,咖啡,2,95,190
T1027,2026-07-02,星期四,信義店,拿鐵,咖啡,2,90,180
T1028,2026-07-02,星期四,信義店,拿鐵,咖啡,2,90,180
T1029,2026-07-02,星期四,信義店,抹茶拿鐵,茶飲,2,100,200
T1030,2026-07-02,星期四,信義店,卡布奇諾,咖啡,1,95,95
T1031,2026-07-02,星期四,信義店,抹茶拿鐵,茶飲,1,100,100
T1032,2026-07-02,星期四,信義店,可頌,烘焙,3,60,180
T1033,2026-07-02,星期四,信義店,卡布奇諾,咖啡,3,95,285
T1034,2026-07-02,星期四,信義店,美式咖啡,咖啡,2,70,140
T1035,2026-07-02,星期四,信義店,拿鐵,咖啡,1,90,90
T1036,2026-07-02,星期四,信義店,卡布奇諾,咖啡,1,95,95
T1037,2026-07-02,星期四,信義店,起司蛋糕,烘焙,1,120,120
T1038,2026-07-02,星期四,板橋店,紅茶,茶飲,3,50,150
T1039,2026-07-02,星期四,板橋店,肉桂捲,烘焙,2,85,170
T1040,2026-07-02,星期四,板橋店,拿鐵,咖啡,2,90,180
T1041,2026-07-02,星期四,板橋店,紅茶,茶飲,1,50,50
T1042,2026-07-02,星期四,板橋店,抹茶拿鐵,茶飲,3,100,300
T1043,2026-07-02,星期四,板橋店,卡布奇諾,咖啡,2,95,190
T1044,2026-07-02,星期四,板橋店,可頌,烘焙,2,60,120
T1045,2026-07-02,星期四,板橋店,拿鐵,咖啡,1,90,90
T1046,2026-07-02,星期四,板橋店,起司蛋糕,烘焙,1,120,120
T1071,2026-07-03,星期五,中壢店,美式咖啡,咖啡,1,70,70
T1072,2026-07-03,星期五,中壢店,紅茶,茶飲,2,50,100
T1073,2026-07-03,星期五,中壢店,可頌,烘焙,2,60,120
T1074,2026-07-03,星期五,中壢店,紅茶,茶飲,1,50,50
T1075,2026-07-03,星期五,中壢店,抹茶拿鐵,茶飲,2,100,200
T1076,2026-07-03,星期五,中壢店,抹茶拿鐵,茶飲,2,100,200
T1077,2026-07-03,星期五,中壢店,起司蛋糕,烘焙,2,120,240
T1078,2026-07-03,星期五,中壢店,拿鐵,咖啡,2,90,180
T1053,2026-07-03,星期五,信義店,抹茶拿鐵,茶飲,1,100,100
T1054,2026-07-03,星期五,信義店,起司蛋糕,烘焙,1,120,120
T1055,2026-07-03,星期五,信義店,卡布奇諾,咖啡,1,95,95
T1056,2026-07-03,星期五,信義店,拿鐵,咖啡,3,90,270
T1057,2026-07-03,星期五,信義店,可頌,烘焙,2,60,120
T1058,2026-07-03,星期五,信義店,拿鐵,咖啡,1,90,90
T1059,2026-07-03,星期五,信義店,肉桂捲,烘焙,3,85,255
T1060,2026-07-03,星期五,信義店,卡布奇諾,咖啡,1,95,95
T1061,2026-07-03,星期五,信義店,紅茶,茶飲,2,50,100
T1062,2026-07-03,星期五,信義店,拿鐵,咖啡,1,90,90
T1063,2026-07-03,星期五,信義店,紅茶,茶飲,2,50,100
T1064,2026-07-03,星期五,板橋店,卡布奇諾,咖啡,1,95,95
T1065,2026-07-03,星期五,板橋店,美式咖啡,咖啡,2,70,140
T1066,2026-07-03,星期五,板橋店,抹茶拿鐵,茶飲,1,100,100
T1067,2026-07-03,星期五,板橋店,抹茶拿鐵,茶飲,1,100,100
T1068,2026-07-03,星期五,板橋店,拿鐵,咖啡,2,90,180
T1069,2026-07-03,星期五,板橋店,美式咖啡,咖啡,2,70,140
T1070,2026-07-03,星期五,板橋店,肉桂捲,烘焙,3,85,255
T1103,2026-07-04,星期六,中壢店,紅茶,茶飲,1,50,50
T1104,2026-07-04,星期六,中壢店,可頌,烘焙,2,60,120
T1105,2026-07-04,星期六,中壢店,起司蛋糕,烘焙,1,120,120
T1106,2026-07-04,星期六,中壢店,美式咖啡,咖啡,1,70,70
T1107,2026-07-04,星期六,中壢店,拿鐵,咖啡,2,90,180
T1108,2026-07-04,星期六,中壢店,卡布奇諾,咖啡,1,95,95
T1109,2026-07-04,星期六,中壢店,拿鐵,咖啡,1,90,90
T1110,2026-07-04,星期六,中壢店,拿鐵,咖啡,1,90,90
T1111,2026-07-04,星期六,中壢店,卡布奇諾,咖啡,2,95,190
T1112,2026-07-04,星期六,中壢店,拿鐵,咖啡,1,90,90
T1113,2026-07-04,星期六,中壢店,拿鐵,咖啡,2,90,180
T1079,2026-07-04,星期六,信義店,肉桂捲,烘焙,2,85,170
T1080,2026-07-04,星期六,信義店,拿鐵,咖啡,2,90,180
T1081,2026-07-04,星期六,信義店,拿鐵,咖啡,1,90,90
T1082,2026-07-04,星期六,信義店,卡布奇諾,咖啡,1,95,95
T1083,2026-07-04,星期六,信義店,拿鐵,咖啡,1,90,90
T1084,2026-07-04,星期六,信義店,拿鐵,咖啡,1,90,90
T1085,2026-07-04,星期六,信義店,美式咖啡,咖啡,1,70,70
T1086,2026-07-04,星期六,信義店,紅茶,茶飲,1,50,50
T1087,2026-07-04,星期六,信義店,美式咖啡,咖啡,2,70,140
T1088,2026-07-04,星期六,信義店,拿鐵,咖啡,1,90,90
T1089,2026-07-04,星期六,信義店,卡布奇諾,咖啡,1,95,95
T1090,2026-07-04,星期六,信義店,卡布奇諾,咖啡,2,95,190
T1091,2026-07-04,星期六,信義店,抹茶拿鐵,茶飲,1,100,100
T1092,2026-07-04,星期六,板橋店,抹茶拿鐵,茶飲,1,100,100
T1093,2026-07-04,星期六,板橋店,拿鐵,咖啡,1,90,90
T1094,2026-07-04,星期六,板橋店,卡布奇諾,咖啡,1,95,95
T1095,2026-07-04,星期六,板橋店,紅茶,茶飲,1,50,50
T1096,2026-07-04,星期六,板橋店,抹茶拿鐵,茶飲,1,100,100
T1097,2026-07-04,星期六,板橋店,拿鐵,咖啡,1,90,90
T1098,2026-07-04,星期六,板橋店,美式咖啡,咖啡,2,70,140
T1099,2026-07-04,星期六,板橋店,肉桂捲,烘焙,1,85,85
T1100,2026-07-04,星期六,板橋店,卡布奇諾,咖啡,3,95,285
T1101,2026-07-04,星期六,板橋店,拿鐵,咖啡,3,90,270
T1102,2026-07-04,星期六,板橋店,紅茶,茶飲,1,50,50
T1143,2026-07-05,星期日,中壢店,美式咖啡,咖啡,1,70,70
T1144,2026-07-05,星期日,中壢店,拿鐵,咖啡,1,90,90
T1145,2026-07-05,星期日,中壢店,紅茶,茶飲,2,50,100
T1146,2026-07-05,星期日,中壢店,肉桂捲,烘焙,1,85,85
T1147,2026-07-05,星期日,中壢店,拿鐵,咖啡,2,90,180
T1148,2026-07-05,星期日,中壢店,抹茶拿鐵,茶飲,3,100,300
T1149,2026-07-05,星期日,中壢店,紅茶,茶飲,1,50,50
T1150,2026-07-05,星期日,中壢店,肉桂捲,烘焙,1,85,85
T1151,2026-07-05,星期日,中壢店,抹茶拿鐵,茶飲,2,100,200
T1152,2026-07-05,星期日,中壢店,卡布奇諾,咖啡,3,95,285
T1114,2026-07-05,星期日,信義店,美式咖啡,咖啡,2,70,140
T1115,2026-07-05,星期日,信義店,可頌,烘焙,1,60,60
T1116,2026-07-05,星期日,信義店,起司蛋糕,烘焙,1,120,120
T1117,2026-07-05,星期日,信義店,美式咖啡,咖啡,1,70,70
T1118,2026-07-05,星期日,信義店,起司蛋糕,烘焙,3,120,360
T1119,2026-07-05,星期日,信義店,拿鐵,咖啡,2,90,180
T1120,2026-07-05,星期日,信義店,可頌,烘焙,3,60,180
T1121,2026-07-05,星期日,信義店,拿鐵,咖啡,1,90,90
T1122,2026-07-05,星期日,信義店,拿鐵,咖啡,1,90,90
T1123,2026-07-05,星期日,信義店,拿鐵,咖啡,3,90,270
T1124,2026-07-05,星期日,信義店,抹茶拿鐵,茶飲,2,100,200
T1125,2026-07-05,星期日,信義店,拿鐵,咖啡,2,90,180
T1126,2026-07-05,星期日,信義店,紅茶,茶飲,2,50,100
T1127,2026-07-05,星期日,信義店,可頌,烘焙,3,60,180
T1128,2026-07-05,星期日,信義店,拿鐵,咖啡,1,90,90
T1129,2026-07-05,星期日,板橋店,拿鐵,咖啡,2,90,180
T1130,2026-07-05,星期日,板橋店,美式咖啡,咖啡,1,70,70
T1131,2026-07-05,星期日,板橋店,美式咖啡,咖啡,2,70,140
T1132,2026-07-05,星期日,板橋店,美式咖啡,咖啡,3,70,210
T1133,2026-07-05,星期日,板橋店,美式咖啡,咖啡,1,70,70
T1134,2026-07-05,星期日,板橋店,紅茶,茶飲,1,50,50
T1135,2026-07-05,星期日,板橋店,紅茶,茶飲,1,50,50
T1136,2026-07-05,星期日,板橋店,卡布奇諾,咖啡,1,95,95
T1137,2026-07-05,星期日,板橋店,抹茶拿鐵,茶飲,1,100,100
T1138,2026-07-05,星期日,板橋店,拿鐵,咖啡,1,90,90
T1139,2026-07-05,星期日,板橋店,美式咖啡,咖啡,1,70,70
T1140,2026-07-05,星期日,板橋店,美式咖啡,咖啡,2,70,140
T1141,2026-07-05,星期日,板橋店,起司蛋糕,烘焙,1,120,120
T1142,2026-07-05,星期日,板橋店,拿鐵,咖啡,1,90,90
T1169,2026-07-06,星期一,中壢店,美式咖啡,咖啡,2,70,140
T1170,2026-07-06,星期一,中壢店,美式咖啡,咖啡,2,70,140
T1171,2026-07-06,星期一,中壢店,拿鐵,咖啡,1,90,90
T1172,2026-07-06,星期一,中壢店,可頌,烘焙,3,60,180
T1173,2026-07-06,星期一,中壢店,拿鐵,咖啡,1,90,90
T1174,2026-07-06,星期一,中壢店,拿鐵,咖啡,1,90,90
T1175,2026-07-06,星期一,中壢店,紅茶,茶飲,2,50,100
T1176,2026-07-06,星期一,中壢店,紅茶,茶飲,2,50,100
T1153,2026-07-06,星期一,信義店,紅茶,茶飲,2,50,100
T1154,2026-07-06,星期一,信義店,紅茶,茶飲,1,50,50
T1155,2026-07-06,星期一,信義店,拿鐵,咖啡,1,90,90
T1156,2026-07-06,星期一,信義店,美式咖啡,咖啡,3,70,210
T1157,2026-07-06,星期一,信義店,拿鐵,咖啡,1,90,90
T1158,2026-07-06,星期一,信義店,拿鐵,咖啡,1,90,90
T1159,2026-07-06,星期一,信義店,拿鐵,咖啡,1,90,90
T1160,2026-07-06,星期一,信義店,拿鐵,咖啡,2,90,180
T1161,2026-07-06,星期一,板橋店,抹茶拿鐵,茶飲,1,100,100
T1162,2026-07-06,星期一,板橋店,抹茶拿鐵,茶飲,1,100,100
T1163,2026-07-06,星期一,板橋店,拿鐵,咖啡,1,90,90
T1164,2026-07-06,星期一,板橋店,紅茶,茶飲,1,50,50
T1165,2026-07-06,星期一,板橋店,美式咖啡,咖啡,1,70,70
T1166,2026-07-06,星期一,板橋店,美式咖啡,咖啡,1,70,70
T1167,2026-07-06,星期一,板橋店,卡布奇諾,咖啡,2,95,190
T1168,2026-07-06,星期一,板橋店,紅茶,茶飲,3,50,150
T1195,2026-07-07,星期二,中壢店,起司蛋糕,烘焙,1,120,120
T1196,2026-07-07,星期二,中壢店,拿鐵,咖啡,3,90,270
T1197,2026-07-07,星期二,中壢店,卡布奇諾,咖啡,2,95,190
T1198,2026-07-07,星期二,中壢店,起司蛋糕,烘焙,3,120,360
T1199,2026-07-07,星期二,中壢店,抹茶拿鐵,茶飲,1,100,100
T1200,2026-07-07,星期二,中壢店,美式咖啡,咖啡,2,70,140
T1201,2026-07-07,星期二,中壢店,美式咖啡,咖啡,1,70,70
T1202,2026-07-07,星期二,中壢店,肉桂捲,烘焙,2,85,170
T1177,2026-07-07,星期二,信義店,可頌,烘焙,1,60,60
T1178,2026-07-07,星期二,信義店,美式咖啡,咖啡,1,70,70
T1179,2026-07-07,星期二,信義店,抹茶拿鐵,茶飲,2,100,200
T1180,2026-07-07,星期二,信義店,拿鐵,咖啡,1,90,90
T1181,2026-07-07,星期二,信義店,美式咖啡,咖啡,3,70,210
T1182,2026-07-07,星期二,信義店,抹茶拿鐵,茶飲,1,100,100
T1183,2026-07-07,星期二,信義店,抹茶拿鐵,茶飲,3,100,300
T1184,2026-07-07,星期二,信義店,起司蛋糕,烘焙,2,120,240
T1185,2026-07-07,星期二,信義店,可頌,烘焙,1,60,60
T1186,2026-07-07,星期二,信義店,紅茶,茶飲,3,50,150
T1187,2026-07-07,星期二,板橋店,美式咖啡,咖啡,1,70,70
T1188,2026-07-07,星期二,板橋店,抹茶拿鐵,茶飲,1,100,100
T1189,2026-07-07,星期二,板橋店,卡布奇諾,咖啡,1,95,95
T1190,2026-07-07,星期二,板橋店,紅茶,茶飲,1,50,50
T1191,2026-07-07,星期二,板橋店,肉桂捲,烘焙,2,85,170
T1192,2026-07-07,星期二,板橋店,紅茶,茶飲,1,50,50
T1193,2026-07-07,星期二,板橋店,肉桂捲,烘焙,1,85,85
T1194,2026-07-07,星期二,板橋店,抹茶拿鐵,茶飲,1,100,100
T1220,2026-07-08,星期三,中壢店,拿鐵,咖啡,1,90,90
T1221,2026-07-08,星期三,中壢店,肉桂捲,烘焙,1,85,85
T1222,2026-07-08,星期三,中壢店,肉桂捲,烘焙,3,85,255
T1223,2026-07-08,星期三,中壢店,美式咖啡,咖啡,2,70,140
T1224,2026-07-08,星期三,中壢店,紅茶,茶飲,2,50,100
T1225,2026-07-08,星期三,中壢店,拿鐵,咖啡,2,90,180
T1226,2026-07-08,星期三,中壢店,美式咖啡,咖啡,2,70,140
T1227,2026-07-08,星期三,中壢店,美式咖啡,咖啡,1,70,70
T1228,2026-07-08,星期三,中壢店,卡布奇諾,咖啡,1,95,95
T1229,2026-07-08,星期三,中壢店,美式咖啡,咖啡,1,70,70
T1203,2026-07-08,星期三,信義店,可頌,烘焙,3,60,180
T1204,2026-07-08,星期三,信義店,美式咖啡,咖啡,1,70,70
T1205,2026-07-08,星期三,信義店,拿鐵,咖啡,3,90,270
T1206,2026-07-08,星期三,信義店,拿鐵,咖啡,3,90,270
T1207,2026-07-08,星期三,信義店,紅茶,茶飲,1,50,50
T1208,2026-07-08,星期三,信義店,卡布奇諾,咖啡,3,95,285
T1209,2026-07-08,星期三,信義店,抹茶拿鐵,茶飲,2,100,200
T1210,2026-07-08,星期三,信義店,美式咖啡,咖啡,2,70,140
T1211,2026-07-08,星期三,信義店,拿鐵,咖啡,2,90,180
T1212,2026-07-08,星期三,信義店,可頌,烘焙,3,60,180
T1213,2026-07-08,星期三,信義店,美式咖啡,咖啡,2,70,140
T1214,2026-07-08,星期三,板橋店,美式咖啡,咖啡,3,70,210
T1215,2026-07-08,星期三,板橋店,拿鐵,咖啡,2,90,180
T1216,2026-07-08,星期三,板橋店,拿鐵,咖啡,1,90,90
T1217,2026-07-08,星期三,板橋店,紅茶,茶飲,3,50,150
T1218,2026-07-08,星期三,板橋店,可頌,烘焙,1,60,60
T1219,2026-07-08,星期三,板橋店,起司蛋糕,烘焙,1,120,120
T1252,2026-07-09,星期四,中壢店,拿鐵,咖啡,1,90,90
T1253,2026-07-09,星期四,中壢店,可頌,烘焙,1,60,60
T1254,2026-07-09,星期四,中壢店,起司蛋糕,烘焙,1,120,120
T1255,2026-07-09,星期四,中壢店,可頌,烘焙,1,60,60
T1256,2026-07-09,星期四,中壢店,拿鐵,咖啡,2,90,180
T1257,2026-07-09,星期四,中壢店,拿鐵,咖啡,1,90,90
T1258,2026-07-09,星期四,中壢店,卡布奇諾,咖啡,2,95,190
T1259,2026-07-09,星期四,中壢店,紅茶,茶飲,1,50,50
T1260,2026-07-09,星期四,中壢店,拿鐵,咖啡,1,90,90
T1230,2026-07-09,星期四,信義店,紅茶,茶飲,3,50,150
T1231,2026-07-09,星期四,信義店,紅茶,茶飲,1,50,50
T1232,2026-07-09,星期四,信義店,起司蛋糕,烘焙,1,120,120
T1233,2026-07-09,星期四,信義店,拿鐵,咖啡,1,90,90
T1234,2026-07-09,星期四,信義店,卡布奇諾,咖啡,2,95,190
T1235,2026-07-09,星期四,信義店,抹茶拿鐵,茶飲,1,100,100
T1236,2026-07-09,星期四,信義店,美式咖啡,咖啡,1,70,70
T1237,2026-07-09,星期四,信義店,卡布奇諾,咖啡,3,95,285
T1238,2026-07-09,星期四,信義店,美式咖啡,咖啡,1,70,70
T1239,2026-07-09,星期四,信義店,抹茶拿鐵,茶飲,3,100,300
T1240,2026-07-09,星期四,信義店,美式咖啡,咖啡,2,70,140
T1241,2026-07-09,星期四,信義店,起司蛋糕,烘焙,1,120,120
T1242,2026-07-09,星期四,板橋店,卡布奇諾,咖啡,1,95,95
T1243,2026-07-09,星期四,板橋店,紅茶,茶飲,2,50,100
T1244,2026-07-09,星期四,板橋店,起司蛋糕,烘焙,1,120,120
T1245,2026-07-09,星期四,板橋店,美式咖啡,咖啡,1,70,70
T1246,2026-07-09,星期四,板橋店,可頌,烘焙,1,60,60
T1247,2026-07-09,星期四,板橋店,拿鐵,咖啡,3,90,270
T1248,2026-07-09,星期四,板橋店,拿鐵,咖啡,1,90,90
T1249,2026-07-09,星期四,板橋店,拿鐵,咖啡,2,90,180
T1250,2026-07-09,星期四,板橋店,拿鐵,咖啡,3,90,270
T1251,2026-07-09,星期四,板橋店,紅茶,茶飲,2,50,100
T1277,2026-07-10,星期五,中壢店,美式咖啡,咖啡,2,70,140
T1278,2026-07-10,星期五,中壢店,紅茶,茶飲,1,50,50
T1279,2026-07-10,星期五,中壢店,拿鐵,咖啡,3,90,270
T1280,2026-07-10,星期五,中壢店,抹茶拿鐵,茶飲,2,100,200
T1281,2026-07-10,星期五,中壢店,起司蛋糕,烘焙,2,120,240
T1282,2026-07-10,星期五,中壢店,拿鐵,咖啡,1,90,90
T1283,2026-07-10,星期五,中壢店,可頌,烘焙,3,60,180
T1261,2026-07-10,星期五,信義店,拿鐵,咖啡,2,90,180
T1262,2026-07-10,星期五,信義店,拿鐵,咖啡,2,90,180
T1263,2026-07-10,星期五,信義店,抹茶拿鐵,茶飲,1,100,100
T1264,2026-07-10,星期五,信義店,拿鐵,咖啡,1,90,90
T1265,2026-07-10,星期五,信義店,抹茶拿鐵,茶飲,1,100,100
T1266,2026-07-10,星期五,信義店,拿鐵,咖啡,2,90,180
T1267,2026-07-10,星期五,信義店,卡布奇諾,咖啡,2,95,190
T1268,2026-07-10,星期五,信義店,拿鐵,咖啡,2,90,180
T1269,2026-07-10,星期五,板橋店,紅茶,茶飲,1,50,50
T1270,2026-07-10,星期五,板橋店,美式咖啡,咖啡,2,70,140
T1271,2026-07-10,星期五,板橋店,起司蛋糕,烘焙,3,120,360
T1272,2026-07-10,星期五,板橋店,肉桂捲,烘焙,3,85,255
T1273,2026-07-10,星期五,板橋店,可頌,烘焙,2,60,120
T1274,2026-07-10,星期五,板橋店,拿鐵,咖啡,1,90,90
T1275,2026-07-10,星期五,板橋店,紅茶,茶飲,1,50,50
T1276,2026-07-10,星期五,板橋店,肉桂捲,烘焙,3,85,255
T1310,2026-07-11,星期六,中壢店,拿鐵,咖啡,2,90,180
T1311,2026-07-11,星期六,中壢店,起司蛋糕,烘焙,2,120,240
T1312,2026-07-11,星期六,中壢店,拿鐵,咖啡,2,90,180
T1313,2026-07-11,星期六,中壢店,美式咖啡,咖啡,2,70,140
T1314,2026-07-11,星期六,中壢店,起司蛋糕,烘焙,3,120,360
T1315,2026-07-11,星期六,中壢店,紅茶,茶飲,3,50,150
T1316,2026-07-11,星期六,中壢店,卡布奇諾,咖啡,2,95,190
T1317,2026-07-11,星期六,中壢店,可頌,烘焙,1,60,60
T1318,2026-07-11,星期六,中壢店,肉桂捲,烘焙,2,85,170
T1319,2026-07-11,星期六,中壢店,美式咖啡,咖啡,2,70,140
T1320,2026-07-11,星期六,中壢店,肉桂捲,烘焙,2,85,170
T1284,2026-07-11,星期六,信義店,紅茶,茶飲,1,50,50
T1285,2026-07-11,星期六,信義店,拿鐵,咖啡,1,90,90
T1286,2026-07-11,星期六,信義店,可頌,烘焙,2,60,120
T1287,2026-07-11,星期六,信義店,拿鐵,咖啡,3,90,270
T1288,2026-07-11,星期六,信義店,拿鐵,咖啡,2,90,180
T1289,2026-07-11,星期六,信義店,紅茶,茶飲,2,50,100
T1290,2026-07-11,星期六,信義店,可頌,烘焙,1,60,60
T1291,2026-07-11,星期六,信義店,美式咖啡,咖啡,1,70,70
T1292,2026-07-11,星期六,信義店,肉桂捲,烘焙,1,85,85
T1293,2026-07-11,星期六,信義店,抹茶拿鐵,茶飲,1,100,100
T1294,2026-07-11,星期六,信義店,紅茶,茶飲,1,50,50
T1295,2026-07-11,星期六,信義店,抹茶拿鐵,茶飲,3,100,300
T1296,2026-07-11,星期六,板橋店,紅茶,茶飲,2,50,100
T1297,2026-07-11,星期六,板橋店,美式咖啡,咖啡,1,70,70
T1298,2026-07-11,星期六,板橋店,拿鐵,咖啡,2,90,180
T1299,2026-07-11,星期六,板橋店,美式咖啡,咖啡,2,70,140
T1300,2026-07-11,星期六,板橋店,紅茶,茶飲,1,50,50
T1301,2026-07-11,星期六,板橋店,肉桂捲,烘焙,2,85,170
T1302,2026-07-11,星期六,板橋店,紅茶,茶飲,1,50,50
T1303,2026-07-11,星期六,板橋店,拿鐵,咖啡,1,90,90
T1304,2026-07-11,星期六,板橋店,抹茶拿鐵,茶飲,1,100,100
T1305,2026-07-11,星期六,板橋店,卡布奇諾,咖啡,1,95,95
T1306,2026-07-11,星期六,板橋店,起司蛋糕,烘焙,1,120,120
T1307,2026-07-11,星期六,板橋店,紅茶,茶飲,1,50,50
T1308,2026-07-11,星期六,板橋店,美式咖啡,咖啡,1,70,70
T1309,2026-07-11,星期六,板橋店,拿鐵,咖啡,2,90,180
T1347,2026-07-12,星期日,中壢店,美式咖啡,咖啡,3,70,210
T1348,2026-07-12,星期日,中壢店,美式咖啡,咖啡,1,70,70
T1349,2026-07-12,星期日,中壢店,紅茶,茶飲,2,50,100
T1350,2026-07-12,星期日,中壢店,紅茶,茶飲,2,50,100
T1351,2026-07-12,星期日,中壢店,起司蛋糕,烘焙,1,120,120
T1352,2026-07-12,星期日,中壢店,拿鐵,咖啡,2,90,180
T1353,2026-07-12,星期日,中壢店,拿鐵,咖啡,2,90,180
T1354,2026-07-12,星期日,中壢店,美式咖啡,咖啡,3,70,210
T1355,2026-07-12,星期日,中壢店,紅茶,茶飲,1,50,50
T1356,2026-07-12,星期日,中壢店,起司蛋糕,烘焙,1,120,120
T1357,2026-07-12,星期日,中壢店,紅茶,茶飲,1,50,50
T1358,2026-07-12,星期日,中壢店,卡布奇諾,咖啡,1,95,95
T1359,2026-07-12,星期日,中壢店,美式咖啡,咖啡,2,70,140
T1321,2026-07-12,星期日,信義店,卡布奇諾,咖啡,3,95,285
T1322,2026-07-12,星期日,信義店,拿鐵,咖啡,1,90,90
T1323,2026-07-12,星期日,信義店,美式咖啡,咖啡,2,70,140
T1324,2026-07-12,星期日,信義店,起司蛋糕,烘焙,1,120,120
T1325,2026-07-12,星期日,信義店,可頌,烘焙,2,60,120
T1326,2026-07-12,星期日,信義店,卡布奇諾,咖啡,2,95,190
T1327,2026-07-12,星期日,信義店,紅茶,茶飲,2,50,100
T1328,2026-07-12,星期日,信義店,肉桂捲,烘焙,1,85,85
T1329,2026-07-12,星期日,信義店,卡布奇諾,咖啡,1,95,95
T1330,2026-07-12,星期日,信義店,拿鐵,咖啡,2,90,180
T1331,2026-07-12,星期日,信義店,美式咖啡,咖啡,1,70,70
T1332,2026-07-12,星期日,信義店,可頌,烘焙,1,60,60
T1333,2026-07-12,星期日,信義店,可頌,烘焙,3,60,180
T1334,2026-07-12,星期日,信義店,卡布奇諾,咖啡,2,95,190
T9901,2026-07-12,星期日,信義店,拿鐵,咖啡,-1,90,-90
T1335,2026-07-12,星期日,板橋店,拿鐵,咖啡,3,90,270
T1336,2026-07-12,星期日,板橋店,拿鐵,咖啡,2,90,180
T1337,2026-07-12,星期日,板橋店,紅茶,茶飲,1,50,50
T1338,2026-07-12,星期日,板橋店,美式咖啡,咖啡,2,70,140
T1339,2026-07-12,星期日,板橋店,紅茶,茶飲,1,50,50
T1340,2026-07-12,星期日,板橋店,紅茶,茶飲,1,50,50
T1341,2026-07-12,星期日,板橋店,可頌,烘焙,3,60,180
T1342,2026-07-12,星期日,板橋店,抹茶拿鐵,茶飲,3,100,300
T1343,2026-07-12,星期日,板橋店,起司蛋糕,烘焙,1,120,120
T1344,2026-07-12,星期日,板橋店,可頌,烘焙,1,60,60
T1345,2026-07-12,星期日,板橋店,美式咖啡,咖啡,2,70,140
T1346,2026-07-12,星期日,板橋店,紅茶,茶飲,1,50,50
T1378,2026-07-13,星期一,中壢店,美式咖啡,咖啡,1,70,70
T1379,2026-07-13,星期一,中壢店,紅茶,茶飲,1,50,50
T1380,2026-07-13,星期一,中壢店,起司蛋糕,烘焙,2,120,240
T1381,2026-07-13,星期一,中壢店,美式咖啡,咖啡,1,70,70
T1382,2026-07-13,星期一,中壢店,紅茶,茶飲,3,50,150
T1383,2026-07-13,星期一,中壢店,可頌,烘焙,1,60,60
T1384,2026-07-13,星期一,中壢店,紅茶,茶飲,2,50,100
T1360,2026-07-13,星期一,信義店,拿鐵,咖啡,1,90,90
T1361,2026-07-13,星期一,信義店,美式咖啡,咖啡,1,70,70
T1362,2026-07-13,星期一,信義店,起司蛋糕,烘焙,1,120,120
T1363,2026-07-13,星期一,信義店,拿鐵,咖啡,2,90,180
T1364,2026-07-13,星期一,信義店,拿鐵,咖啡,1,90,90
T1365,2026-07-13,星期一,信義店,拿鐵,咖啡,3,90,270
T1366,2026-07-13,星期一,信義店,肉桂捲,烘焙,1,85,85
T1367,2026-07-13,星期一,信義店,拿鐵,咖啡,2,90,180
T1368,2026-07-13,星期一,信義店,肉桂捲,烘焙,2,85,170
T1369,2026-07-13,星期一,信義店,紅茶,茶飲,2,50,100
T1370,2026-07-13,星期一,板橋店,紅茶,茶飲,1,50,50
T1371,2026-07-13,星期一,板橋店,抹茶拿鐵,茶飲,2,100,200
T1372,2026-07-13,星期一,板橋店,肉桂捲,烘焙,2,85,170
T1373,2026-07-13,星期一,板橋店,抹茶拿鐵,茶飲,1,100,100
T1374,2026-07-13,星期一,板橋店,起司蛋糕,烘焙,1,120,120
T1375,2026-07-13,星期一,板橋店,紅茶,茶飲,1,50,50
T1376,2026-07-13,星期一,板橋店,可頌,烘焙,1,60,60
T1377,2026-07-13,星期一,板橋店,紅茶,茶飲,2,50,100
T1403,2026-07-14,星期二,中壢店,肉桂捲,烘焙,2,85,170
T1404,2026-07-14,星期二,中壢店,卡布奇諾,咖啡,1,95,95
T1405,2026-07-14,星期二,中壢店,美式咖啡,咖啡,1,70,70
T1406,2026-07-14,星期二,中壢店,美式咖啡,咖啡,1,70,70
T1407,2026-07-14,星期二,中壢店,拿鐵,咖啡,1,90,90
T1408,2026-07-14,星期二,中壢店,卡布奇諾,咖啡,1,95,95
T1409,2026-07-14,星期二,中壢店,美式咖啡,咖啡,1,70,70
T1410,2026-07-14,星期二,中壢店,紅茶,茶飲,1,50,50
T1411,2026-07-14,星期二,中壢店,可頌,烘焙,2,60,120
T1412,2026-07-14,星期二,中壢店,美式咖啡,咖啡,1,70,70
T1385,2026-07-14,星期二,信義店,卡布奇諾,咖啡,2,95,190
T1386,2026-07-14,星期二,信義店,起司蛋糕,烘焙,1,120,120
T1387,2026-07-14,星期二,信義店,卡布奇諾,咖啡,1,95,95
T1388,2026-07-14,星期二,信義店,美式咖啡,咖啡,1,70,70
T1389,2026-07-14,星期二,信義店,抹茶拿鐵,茶飲,1,100,100
T1390,2026-07-14,星期二,信義店,卡布奇諾,咖啡,2,95,190
T1391,2026-07-14,星期二,信義店,紅茶,茶飲,1,50,50
T1392,2026-07-14,星期二,信義店,肉桂捲,烘焙,3,85,255
T1393,2026-07-14,星期二,板橋店,拿鐵,咖啡,1,90,90
T1394,2026-07-14,星期二,板橋店,肉桂捲,烘焙,1,85,85
T1395,2026-07-14,星期二,板橋店,卡布奇諾,咖啡,1,95,95
T1396,2026-07-14,星期二,板橋店,抹茶拿鐵,茶飲,2,100,200
T1397,2026-07-14,星期二,板橋店,可頌,烘焙,1,60,60
T1398,2026-07-14,星期二,板橋店,可頌,烘焙,1,60,60
T1399,2026-07-14,星期二,板橋店,美式咖啡,咖啡,2,70,140
T1400,2026-07-14,星期二,板橋店,美式咖啡,咖啡,2,70,140
T1401,2026-07-14,星期二,板橋店,肉桂捲,烘焙,2,85,170
T1402,2026-07-14,星期二,板橋店,美式咖啡,咖啡,3,70,210
T1431,2026-07-15,星期三,中壢店,美式咖啡,咖啡,1,70,70
T1432,2026-07-15,星期三,中壢店,可頌,烘焙,2,60,120
T1433,2026-07-15,星期三,中壢店,美式咖啡,咖啡,1,70,70
T1434,2026-07-15,星期三,中壢店,卡布奇諾,咖啡,1,95,95
T1435,2026-07-15,星期三,中壢店,可頌,烘焙,2,60,120
T1436,2026-07-15,星期三,中壢店,拿鐵,咖啡,1,90,90
T1437,2026-07-15,星期三,中壢店,拿鐵,咖啡,1,90,90
T1438,2026-07-15,星期三,中壢店,拿鐵,咖啡,1,90,90
T1439,2026-07-15,星期三,中壢店,卡布奇諾,咖啡,1,95,95
T1440,2026-07-15,星期三,中壢店,美式咖啡,咖啡,1,70,70
T1413,2026-07-15,星期三,信義店,拿鐵,咖啡,2,90,180
T1414,2026-07-15,星期三,信義店,拿鐵,咖啡,3,90,270
T1415,2026-07-15,星期三,信義店,起司蛋糕,烘焙,3,120,360
T1416,2026-07-15,星期三,信義店,拿鐵,咖啡,1,90,90
T1417,2026-07-15,星期三,信義店,卡布奇諾,咖啡,1,95,95
T1418,2026-07-15,星期三,信義店,拿鐵,咖啡,2,90,180
T1419,2026-07-15,星期三,信義店,拿鐵,咖啡,1,90,90
T1420,2026-07-15,星期三,信義店,拿鐵,咖啡,1,90,90
T1421,2026-07-15,星期三,信義店,抹茶拿鐵,茶飲,2,100,200
T1422,2026-07-15,星期三,板橋店,卡布奇諾,咖啡,1,95,95
T1423,2026-07-15,星期三,板橋店,卡布奇諾,咖啡,1,95,95
T1424,2026-07-15,星期三,板橋店,拿鐵,咖啡,1,90,90
T1425,2026-07-15,星期三,板橋店,卡布奇諾,咖啡,1,95,95
T1426,2026-07-15,星期三,板橋店,拿鐵,咖啡,2,90,180
T1427,2026-07-15,星期三,板橋店,拿鐵,咖啡,2,90,180
T1428,2026-07-15,星期三,板橋店,起司蛋糕,烘焙,2,120,240
T1429,2026-07-15,星期三,板橋店,美式咖啡,咖啡,2,70,140
T1430,2026-07-15,星期三,板橋店,起司蛋糕,烘焙,1,120,120
T1458,2026-07-16,星期四,中壢店,可頌,烘焙,2,60,120
T1459,2026-07-16,星期四,中壢店,拿鐵,咖啡,2,90,180
T1460,2026-07-16,星期四,中壢店,拿鐵,咖啡,1,90,90
T1461,2026-07-16,星期四,中壢店,拿鐵,咖啡,1,90,90
T1462,2026-07-16,星期四,中壢店,拿鐵,咖啡,2,90,180
T1463,2026-07-16,星期四,中壢店,美式咖啡,咖啡,3,70,210
T1464,2026-07-16,星期四,中壢店,抹茶拿鐵,茶飲,1,100,100
T1465,2026-07-16,星期四,中壢店,拿鐵,咖啡,2,90,180
T1466,2026-07-16,星期四,中壢店,拿鐵,咖啡,1,90,90
T1441,2026-07-16,星期四,信義店,拿鐵,咖啡,3,90,270
T1442,2026-07-16,星期四,信義店,可頌,烘焙,2,60,120
T1443,2026-07-16,星期四,信義店,美式咖啡,咖啡,2,70,140
T1444,2026-07-16,星期四,信義店,抹茶拿鐵,茶飲,1,100,100
T1445,2026-07-16,星期四,信義店,拿鐵,咖啡,3,90,270
T1446,2026-07-16,星期四,信義店,卡布奇諾,咖啡,2,95,190
T1447,2026-07-16,星期四,信義店,紅茶,茶飲,1,50,50
T1448,2026-07-16,星期四,信義店,肉桂捲,烘焙,1,85,85
T1449,2026-07-16,星期四,板橋店,美式咖啡,咖啡,1,70,70
T1450,2026-07-16,星期四,板橋店,美式咖啡,咖啡,1,70,70
T1451,2026-07-16,星期四,板橋店,拿鐵,咖啡,1,90,90
T1452,2026-07-16,星期四,板橋店,拿鐵,咖啡,3,90,270
T1453,2026-07-16,星期四,板橋店,美式咖啡,咖啡,1,70,70
T1454,2026-07-16,星期四,板橋店,美式咖啡,咖啡,3,70,210
T1455,2026-07-16,星期四,板橋店,紅茶,茶飲,1,50,50
T1456,2026-07-16,星期四,板橋店,抹茶拿鐵,茶飲,2,100,200
T1457,2026-07-16,星期四,板橋店,抹茶拿鐵,茶飲,1,100,100
T1487,2026-07-17,星期五,中壢店,紅茶,茶飲,2,50,100
T1488,2026-07-17,星期五,中壢店,美式咖啡,咖啡,3,70,210
T1489,2026-07-17,星期五,中壢店,卡布奇諾,咖啡,1,95,95
T1490,2026-07-17,星期五,中壢店,拿鐵,咖啡,3,90,270
T1491,2026-07-17,星期五,中壢店,美式咖啡,咖啡,2,70,140
T1492,2026-07-17,星期五,中壢店,抹茶拿鐵,茶飲,1,100,100
T1493,2026-07-17,星期五,中壢店,紅茶,茶飲,1,50,50
T1494,2026-07-17,星期五,中壢店,抹茶拿鐵,茶飲,2,100,200
T1495,2026-07-17,星期五,中壢店,肉桂捲,烘焙,2,85,170
T1496,2026-07-17,星期五,中壢店,美式咖啡,咖啡,1,70,70
T1467,2026-07-17,星期五,信義店,拿鐵,咖啡,3,90,270
T1468,2026-07-17,星期五,信義店,紅茶,茶飲,2,50,100
T1469,2026-07-17,星期五,信義店,美式咖啡,咖啡,1,70,70
T1470,2026-07-17,星期五,信義店,美式咖啡,咖啡,1,70,70
T1471,2026-07-17,星期五,信義店,肉桂捲,烘焙,2,85,170
T1472,2026-07-17,星期五,信義店,起司蛋糕,烘焙,1,120,120
T1473,2026-07-17,星期五,信義店,可頌,烘焙,2,60,120
T1474,2026-07-17,星期五,信義店,起司蛋糕,烘焙,1,120,120
T1475,2026-07-17,星期五,信義店,紅茶,茶飲,1,50,50
T1476,2026-07-17,星期五,信義店,美式咖啡,咖啡,2,70,140
T1477,2026-07-17,星期五,信義店,美式咖啡,咖啡,1,70,70
T1478,2026-07-17,星期五,板橋店,美式咖啡,咖啡,3,70,210
T1479,2026-07-17,星期五,板橋店,卡布奇諾,咖啡,2,95,190
T1480,2026-07-17,星期五,板橋店,紅茶,茶飲,1,50,50
T1481,2026-07-17,星期五,板橋店,卡布奇諾,咖啡,1,95,95
T1482,2026-07-17,星期五,板橋店,美式咖啡,咖啡,3,70,210
T1483,2026-07-17,星期五,板橋店,抹茶拿鐵,茶飲,3,100,300
T1484,2026-07-17,星期五,板橋店,拿鐵,咖啡,1,90,90
T1485,2026-07-17,星期五,板橋店,拿鐵,咖啡,1,90,90
T1486,2026-07-17,星期五,板橋店,肉桂捲,烘焙,2,85,170
T1521,2026-07-18,星期六,中壢店,拿鐵,咖啡,2,90,180
T1522,2026-07-18,星期六,中壢店,拿鐵,咖啡,2,90,180
T1523,2026-07-18,星期六,中壢店,卡布奇諾,咖啡,2,95,190
T1524,2026-07-18,星期六,中壢店,紅茶,茶飲,1,50,50
T1525,2026-07-18,星期六,中壢店,起司蛋糕,烘焙,2,120,240
T1526,2026-07-18,星期六,中壢店,拿鐵,咖啡,2,90,180
T1527,2026-07-18,星期六,中壢店,拿鐵,咖啡,3,90,270
T1528,2026-07-18,星期六,中壢店,抹茶拿鐵,茶飲,1,100,100
T1529,2026-07-18,星期六,中壢店,拿鐵,咖啡,2,90,180
T1530,2026-07-18,星期六,中壢店,紅茶,茶飲,1,50,50
T1531,2026-07-18,星期六,中壢店,卡布奇諾,咖啡,2,95,190
T1532,2026-07-18,星期六,中壢店,紅茶,茶飲,3,50,150
T1533,2026-07-18,星期六,中壢店,美式咖啡,咖啡,1,70,70
T1497,2026-07-18,星期六,信義店,抹茶拿鐵,茶飲,1,100,100
T1498,2026-07-18,星期六,信義店,美式咖啡,咖啡,1,70,70
T1499,2026-07-18,星期六,信義店,美式咖啡,咖啡,2,70,140
T1500,2026-07-18,星期六,信義店,拿鐵,咖啡,1,90,90
T1501,2026-07-18,星期六,信義店,拿鐵,咖啡,3,90,270
T1502,2026-07-18,星期六,信義店,美式咖啡,咖啡,2,70,140
T1503,2026-07-18,星期六,信義店,美式咖啡,咖啡,1,70,70
T1504,2026-07-18,星期六,信義店,起司蛋糕,烘焙,2,120,240
T1505,2026-07-18,星期六,信義店,可頌,烘焙,2,60,120
T1506,2026-07-18,星期六,信義店,肉桂捲,烘焙,2,85,170
T1507,2026-07-18,星期六,信義店,可頌,烘焙,3,60,180
T1508,2026-07-18,星期六,信義店,肉桂捲,烘焙,1,85,85
T1509,2026-07-18,星期六,板橋店,卡布奇諾,咖啡,2,95,190
T1510,2026-07-18,星期六,板橋店,拿鐵,咖啡,1,90,90
T1511,2026-07-18,星期六,板橋店,起司蛋糕,烘焙,1,120,120
T1512,2026-07-18,星期六,板橋店,美式咖啡,咖啡,2,70,140
T1513,2026-07-18,星期六,板橋店,美式咖啡,咖啡,1,70,70
T1514,2026-07-18,星期六,板橋店,肉桂捲,烘焙,1,85,85
T1515,2026-07-18,星期六,板橋店,紅茶,茶飲,2,50,100
T1516,2026-07-18,星期六,板橋店,拿鐵,咖啡,3,90,270
T1517,2026-07-18,星期六,板橋店,紅茶,茶飲,1,50,50
T1518,2026-07-18,星期六,板橋店,可頌,烘焙,1,60,60
T1519,2026-07-18,星期六,板橋店,拿鐵,咖啡,2,90,180
T1520,2026-07-18,星期六,板橋店,拿鐵,咖啡,2,90,180
T1557,2026-07-19,星期日,中壢店,紅茶,茶飲,3,50,150
T1558,2026-07-19,星期日,中壢店,美式咖啡,咖啡,1,70,70
T1559,2026-07-19,星期日,中壢店,拿鐵,咖啡,1,90,90
T1560,2026-07-19,星期日,中壢店,美式咖啡,咖啡,1,70,70
T1561,2026-07-19,星期日,中壢店,可頌,烘焙,3,60,180
T1562,2026-07-19,星期日,中壢店,美式咖啡,咖啡,3,70,210
T1563,2026-07-19,星期日,中壢店,拿鐵,咖啡,3,90,270
T1564,2026-07-19,星期日,中壢店,美式咖啡,咖啡,1,70,70
T1565,2026-07-19,星期日,中壢店,起司蛋糕,烘焙,2,120,240
T1566,2026-07-19,星期日,中壢店,起司蛋糕,烘焙,1,120,120
T1567,2026-07-19,星期日,中壢店,抹茶拿鐵,茶飲,1,100,100
T1568,2026-07-19,星期日,中壢店,美式咖啡,咖啡,1,70,70
T1534,2026-07-19,星期日,信義店,可頌,烘焙,2,60,120
T1535,2026-07-19,星期日,信義店,拿鐵,咖啡,1,90,90
T1536,2026-07-19,星期日,信義店,起司蛋糕,烘焙,1,120,120
T1537,2026-07-19,星期日,信義店,肉桂捲,烘焙,3,85,255
T1538,2026-07-19,星期日,信義店,起司蛋糕,烘焙,2,120,240
T1539,2026-07-19,星期日,信義店,拿鐵,咖啡,3,90,270
T1540,2026-07-19,星期日,信義店,起司蛋糕,烘焙,2,120,240
T1541,2026-07-19,星期日,信義店,卡布奇諾,咖啡,1,95,95
T1542,2026-07-19,星期日,信義店,可頌,烘焙,2,60,120
T1543,2026-07-19,星期日,信義店,拿鐵,咖啡,2,90,180
T1544,2026-07-19,星期日,信義店,卡布奇諾,咖啡,2,95,190
T1545,2026-07-19,星期日,信義店,抹茶拿鐵,茶飲,1,100,100
T1546,2026-07-19,星期日,板橋店,抹茶拿鐵,茶飲,2,100,200
T1547,2026-07-19,星期日,板橋店,拿鐵,咖啡,3,90,270
T1548,2026-07-19,星期日,板橋店,起司蛋糕,烘焙,1,120,120
T1549,2026-07-19,星期日,板橋店,美式咖啡,咖啡,1,70,70
T1550,2026-07-19,星期日,板橋店,美式咖啡,咖啡,2,70,140
T1551,2026-07-19,星期日,板橋店,拿鐵,咖啡,1,90,90
T1552,2026-07-19,星期日,板橋店,拿鐵,咖啡,1,90,90
T1553,2026-07-19,星期日,板橋店,拿鐵,咖啡,2,90,180
T1554,2026-07-19,星期日,板橋店,美式咖啡,咖啡,1,70,70
T1555,2026-07-19,星期日,板橋店,美式咖啡,咖啡,2,70,140
T1556,2026-07-19,星期日,板橋店,美式咖啡,咖啡,2,70,140
T1587,2026-07-20,星期一,中壢店,拿鐵,咖啡,1,90,90
T1588,2026-07-20,星期一,中壢店,拿鐵,咖啡,3,90,270
T1589,2026-07-20,星期一,中壢店,美式咖啡,咖啡,2,70,140
T1590,2026-07-20,星期一,中壢店,拿鐵,咖啡,2,90,180
T1591,2026-07-20,星期一,中壢店,起司蛋糕,烘焙,2,120,240
T1592,2026-07-20,星期一,中壢店,拿鐵,咖啡,3,90,270
T1593,2026-07-20,星期一,中壢店,可頌,烘焙,2,60,120
T1569,2026-07-20,星期一,信義店,卡布奇諾,咖啡,1,95,95
T1570,2026-07-20,星期一,信義店,起司蛋糕,烘焙,2,120,240
T1571,2026-07-20,星期一,信義店,可頌,烘焙,2,60,120
T1572,2026-07-20,星期一,信義店,可頌,烘焙,1,60,60
T1573,2026-07-20,星期一,信義店,美式咖啡,咖啡,3,70,210
T1574,2026-07-20,星期一,信義店,卡布奇諾,咖啡,1,95,95
T1575,2026-07-20,星期一,信義店,卡布奇諾,咖啡,1,95,95
T1576,2026-07-20,星期一,信義店,卡布奇諾,咖啡,1,95,95
T1577,2026-07-20,星期一,信義店,紅茶,茶飲,1,50,50
T1578,2026-07-20,星期一,板橋店,拿鐵,咖啡,3,90,270
T1579,2026-07-20,星期一,板橋店,美式咖啡,咖啡,3,70,210
T1580,2026-07-20,星期一,板橋店,抹茶拿鐵,茶飲,1,100,100
T1581,2026-07-20,星期一,板橋店,拿鐵,咖啡,1,90,90
T1582,2026-07-20,星期一,板橋店,肉桂捲,烘焙,1,85,85
T1583,2026-07-20,星期一,板橋店,起司蛋糕,烘焙,2,120,240
T1584,2026-07-20,星期一,板橋店,抹茶拿鐵,茶飲,1,100,100
T1585,2026-07-20,星期一,板橋店,拿鐵,咖啡,2,90,180
T1586,2026-07-20,星期一,板橋店,可頌,烘焙,3,60,180
T9902,2026-07-20,星期一,板橋店,可頌,烘焙,2,,
T1611,2026-07-21,星期二,中壢店,紅茶,茶飲,1,50,50
T1612,2026-07-21,星期二,中壢店,起司蛋糕,烘焙,2,120,240
T1613,2026-07-21,星期二,中壢店,可頌,烘焙,2,60,120
T1614,2026-07-21,星期二,中壢店,抹茶拿鐵,茶飲,2,100,200
T1615,2026-07-21,星期二,中壢店,拿鐵,咖啡,1,90,90
T1616,2026-07-21,星期二,中壢店,可頌,烘焙,2,60,120
T1617,2026-07-21,星期二,中壢店,紅茶,茶飲,1,50,50
T1618,2026-07-21,星期二,中壢店,可頌,烘焙,1,60,60
T1619,2026-07-21,星期二,中壢店,拿鐵,咖啡,2,90,180
T1594,2026-07-21,星期二,信義店,卡布奇諾,咖啡,1,95,95
T1595,2026-07-21,星期二,信義店,美式咖啡,咖啡,2,70,140
T1596,2026-07-21,星期二,信義店,拿鐵,咖啡,2,90,180
T1597,2026-07-21,星期二,信義店,拿鐵,咖啡,3,90,270
T1598,2026-07-21,星期二,信義店,起司蛋糕,烘焙,1,120,120
T1599,2026-07-21,星期二,信義店,拿鐵,咖啡,3,90,270
T1600,2026-07-21,星期二,信義店,抹茶拿鐵,茶飲,1,100,100
T1601,2026-07-21,星期二,信義店,拿鐵,咖啡,2,90,180
T1602,2026-07-21,星期二,信義店,拿鐵,咖啡,1,90,90
T1603,2026-07-21,星期二,板橋店,美式咖啡,咖啡,2,70,140
T1604,2026-07-21,星期二,板橋店,拿鐵,咖啡,1,90,90
T1605,2026-07-21,星期二,板橋店,抹茶拿鐵,茶飲,1,100,100
T1606,2026-07-21,星期二,板橋店,紅茶,茶飲,3,50,150
T1607,2026-07-21,星期二,板橋店,肉桂捲,烘焙,3,85,255
T1608,2026-07-21,星期二,板橋店,美式咖啡,咖啡,1,70,70
T1609,2026-07-21,星期二,板橋店,拿鐵,咖啡,2,90,180
T1610,2026-07-21,星期二,板橋店,抹茶拿鐵,茶飲,2,100,200
T1635,2026-07-22,星期三,中壢店,美式咖啡,咖啡,1,70,70
T1636,2026-07-22,星期三,中壢店,起司蛋糕,烘焙,1,120,120
T1637,2026-07-22,星期三,中壢店,肉桂捲,烘焙,3,85,255
T1638,2026-07-22,星期三,中壢店,紅茶,茶飲,1,50,50
T1639,2026-07-22,星期三,中壢店,美式咖啡,咖啡,2,70,140
T1640,2026-07-22,星期三,中壢店,紅茶,茶飲,1,50,50
T1641,2026-07-22,星期三,中壢店,拿鐵,咖啡,1,90,90
T1620,2026-07-22,星期三,信義店,抹茶拿鐵,茶飲,3,100,300
T1621,2026-07-22,星期三,信義店,拿鐵,咖啡,2,90,180
T1622,2026-07-22,星期三,信義店,可頌,烘焙,1,60,60
T1623,2026-07-22,星期三,信義店,可頌,烘焙,2,60,120
T1624,2026-07-22,星期三,信義店,拿鐵,咖啡,1,90,90
T1625,2026-07-22,星期三,信義店,起司蛋糕,烘焙,3,120,360
T1626,2026-07-22,星期三,信義店,拿鐵,咖啡,1,90,90
T1627,2026-07-22,星期三,信義店,拿鐵,咖啡,1,90,90
T1628,2026-07-22,星期三,板橋店,美式咖啡,咖啡,3,70,210
T1629,2026-07-22,星期三,板橋店,拿鐵,咖啡,2,90,180
T1630,2026-07-22,星期三,板橋店,卡布奇諾,咖啡,1,95,95
T1631,2026-07-22,星期三,板橋店,紅茶,茶飲,2,50,100
T1632,2026-07-22,星期三,板橋店,卡布奇諾,咖啡,2,95,190
T1633,2026-07-22,星期三,板橋店,美式咖啡,咖啡,1,70,70
T1634,2026-07-22,星期三,板橋店,美式咖啡,咖啡,2,70,140
T1661,2026-07-23,星期四,中壢店,起司蛋糕,烘焙,1,120,120
T1662,2026-07-23,星期四,中壢店,拿鐵,咖啡,3,90,270
T1663,2026-07-23,星期四,中壢店,美式咖啡,咖啡,2,70,140
T1664,2026-07-23,星期四,中壢店,拿鐵,咖啡,1,90,90
T1665,2026-07-23,星期四,中壢店,拿鐵,咖啡,1,90,90
T1666,2026-07-23,星期四,中壢店,卡布奇諾,咖啡,1,95,95
T1642,2026-07-23,星期四,信義店,紅茶,茶飲,2,50,100
T1643,2026-07-23,星期四,信義店,拿鐵,咖啡,1,90,90
T1644,2026-07-23,星期四,信義店,拿鐵,咖啡,1,90,90
T1645,2026-07-23,星期四,信義店,拿鐵,咖啡,2,90,180
T1646,2026-07-23,星期四,信義店,美式咖啡,咖啡,2,70,140
T1647,2026-07-23,星期四,信義店,紅茶,茶飲,1,50,50
T1648,2026-07-23,星期四,信義店,卡布奇諾,咖啡,2,95,190
T1649,2026-07-23,星期四,信義店,拿鐵,咖啡,2,90,180
T1650,2026-07-23,星期四,信義店,卡布奇諾,咖啡,3,95,285
T1651,2026-07-23,星期四,信義店,美式咖啡,咖啡,1,70,70
T1652,2026-07-23,星期四,信義店,拿鐵,咖啡,1,90,90
T1653,2026-07-23,星期四,信義店,可頌,烘焙,2,60,120
T1654,2026-07-23,星期四,板橋店,拿鐵,咖啡,3,90,270
T1655,2026-07-23,星期四,板橋店,卡布奇諾,咖啡,2,95,190
T1656,2026-07-23,星期四,板橋店,美式咖啡,咖啡,1,70,70
T1657,2026-07-23,星期四,板橋店,美式咖啡,咖啡,3,70,210
T1658,2026-07-23,星期四,板橋店,拿鐵,咖啡,1,90,90
T1659,2026-07-23,星期四,板橋店,拿鐵,咖啡,2,90,180
T1660,2026-07-23,星期四,板橋店,美式咖啡,咖啡,2,70,140
T1685,2026-07-24,星期五,中壢店,拿鐵,咖啡,1,90,90
T1686,2026-07-24,星期五,中壢店,拿鐵,咖啡,3,90,270
T1687,2026-07-24,星期五,中壢店,可頌,烘焙,1,60,60
T1688,2026-07-24,星期五,中壢店,卡布奇諾,咖啡,1,95,95
T1689,2026-07-24,星期五,中壢店,拿鐵,咖啡,3,90,270
T1690,2026-07-24,星期五,中壢店,起司蛋糕,烘焙,1,120,120
T1667,2026-07-24,星期五,信義店,美式咖啡,咖啡,1,70,70
T1668,2026-07-24,星期五,信義店,卡布奇諾,咖啡,1,95,95
T1669,2026-07-24,星期五,信義店,可頌,烘焙,1,60,60
T1670,2026-07-24,星期五,信義店,美式咖啡,咖啡,1,70,70
T1671,2026-07-24,星期五,信義店,抹茶拿鐵,茶飲,3,100,300
T1672,2026-07-24,星期五,信義店,美式咖啡,咖啡,1,70,70
T1673,2026-07-24,星期五,信義店,抹茶拿鐵,茶飲,2,100,200
T1674,2026-07-24,星期五,信義店,拿鐵,咖啡,1,90,90
T1675,2026-07-24,星期五,信義店,可頌,烘焙,1,60,60
T1676,2026-07-24,星期五,信義店,卡布奇諾,咖啡,3,95,285
T1677,2026-07-24,星期五,信義店,抹茶拿鐵,茶飲,2,100,200
T1678,2026-07-24,星期五,信義店,肉桂捲,烘焙,2,85,170
T1679,2026-07-24,星期五,板橋店,肉桂捲,烘焙,1,85,85
T1680,2026-07-24,星期五,板橋店,起司蛋糕,烘焙,1,120,120
T1681,2026-07-24,星期五,板橋店,紅茶,茶飲,2,50,100
T1682,2026-07-24,星期五,板橋店,紅茶,茶飲,1,50,50
T1683,2026-07-24,星期五,板橋店,起司蛋糕,烘焙,1,120,120
T1684,2026-07-24,星期五,板橋店,拿鐵,咖啡,2,90,180
T1716,2026-07-25,星期六,中壢店,肉桂捲,烘焙,1,85,85
T1717,2026-07-25,星期六,中壢店,美式咖啡,咖啡,2,70,140
T1718,2026-07-25,星期六,中壢店,拿鐵,咖啡,1,90,90
T1719,2026-07-25,星期六,中壢店,拿鐵,咖啡,1,90,90
T1720,2026-07-25,星期六,中壢店,卡布奇諾,咖啡,3,95,285
T1721,2026-07-25,星期六,中壢店,美式咖啡,咖啡,1,70,70
T1722,2026-07-25,星期六,中壢店,紅茶,茶飲,2,50,100
T1723,2026-07-25,星期六,中壢店,卡布奇諾,咖啡,1,95,95
T1724,2026-07-25,星期六,中壢店,拿鐵,咖啡,3,90,270
T1725,2026-07-25,星期六,中壢店,美式咖啡,咖啡,1,70,70
T1726,2026-07-25,星期六,中壢店,紅茶,茶飲,1,50,50
T1727,2026-07-25,星期六,中壢店,美式咖啡,咖啡,2,70,140
T9903,2026-07-25,星期六,中壢店,紅茶,茶飲,,50,
T1691,2026-07-25,星期六,信義店,拿鐵,咖啡,2,90,180
T1692,2026-07-25,星期六,信義店,美式咖啡,咖啡,1,70,70
T1693,2026-07-25,星期六,信義店,紅茶,茶飲,2,50,100
T1694,2026-07-25,星期六,信義店,美式咖啡,咖啡,1,70,70
T1695,2026-07-25,星期六,信義店,拿鐵,咖啡,3,90,270
T1696,2026-07-25,星期六,信義店,起司蛋糕,烘焙,1,120,120
T1697,2026-07-25,星期六,信義店,拿鐵,咖啡,2,90,180
T1698,2026-07-25,星期六,信義店,起司蛋糕,烘焙,3,120,360
T1699,2026-07-25,星期六,信義店,拿鐵,咖啡,3,90,270
T1700,2026-07-25,星期六,信義店,抹茶拿鐵,茶飲,1,100,100
T1701,2026-07-25,星期六,信義店,拿鐵,咖啡,3,90,270
T1702,2026-07-25,星期六,信義店,抹茶拿鐵,茶飲,2,100,200
T1703,2026-07-25,星期六,板橋店,紅茶,茶飲,1,50,50
T1704,2026-07-25,星期六,板橋店,抹茶拿鐵,茶飲,1,100,100
T1705,2026-07-25,星期六,板橋店,起司蛋糕,烘焙,1,120,120
T1706,2026-07-25,星期六,板橋店,抹茶拿鐵,茶飲,1,100,100
T1707,2026-07-25,星期六,板橋店,抹茶拿鐵,茶飲,2,100,200
T1708,2026-07-25,星期六,板橋店,拿鐵,咖啡,2,90,180
T1709,2026-07-25,星期六,板橋店,卡布奇諾,咖啡,1,95,95
T1710,2026-07-25,星期六,板橋店,紅茶,茶飲,1,50,50
T1711,2026-07-25,星期六,板橋店,拿鐵,咖啡,3,90,270
T1712,2026-07-25,星期六,板橋店,美式咖啡,咖啡,2,70,140
T1713,2026-07-25,星期六,板橋店,美式咖啡,咖啡,1,70,70
T1714,2026-07-25,星期六,板橋店,起司蛋糕,烘焙,2,120,240
T1715,2026-07-25,星期六,板橋店,拿鐵,咖啡,3,90,270
T1754,2026-07-26,星期日,中壢店,卡布奇諾,咖啡,1,95,95
T1755,2026-07-26,星期日,中壢店,拿鐵,咖啡,1,90,90
T1756,2026-07-26,星期日,中壢店,可頌,烘焙,1,60,60
T1757,2026-07-26,星期日,中壢店,肉桂捲,烘焙,1,85,85
T1758,2026-07-26,星期日,中壢店,抹茶拿鐵,茶飲,1,100,100
T1759,2026-07-26,星期日,中壢店,美式咖啡,咖啡,1,70,70
T1760,2026-07-26,星期日,中壢店,起司蛋糕,烘焙,2,120,240
T1761,2026-07-26,星期日,中壢店,肉桂捲,烘焙,2,85,170
T1762,2026-07-26,星期日,中壢店,拿鐵,咖啡,2,90,180
T1763,2026-07-26,星期日,中壢店,可頌,烘焙,3,60,180
T1728,2026-07-26,星期日,信義店,拿鐵,咖啡,2,90,180
T1729,2026-07-26,星期日,信義店,抹茶拿鐵,茶飲,1,100,100
T1730,2026-07-26,星期日,信義店,美式咖啡,咖啡,2,70,140
T1731,2026-07-26,星期日,信義店,起司蛋糕,烘焙,1,120,120
T1732,2026-07-26,星期日,信義店,抹茶拿鐵,茶飲,3,100,300
T1733,2026-07-26,星期日,信義店,抹茶拿鐵,茶飲,3,100,300
T1734,2026-07-26,星期日,信義店,肉桂捲,烘焙,1,85,85
T1735,2026-07-26,星期日,信義店,可頌,烘焙,3,60,180
T1736,2026-07-26,星期日,信義店,拿鐵,咖啡,3,90,270
T1737,2026-07-26,星期日,信義店,起司蛋糕,烘焙,1,120,120
T1738,2026-07-26,星期日,信義店,抹茶拿鐵,茶飲,1,100,100
T1739,2026-07-26,星期日,信義店,紅茶,茶飲,1,50,50
T1740,2026-07-26,星期日,信義店,美式咖啡,咖啡,1,70,70
T1741,2026-07-26,星期日,信義店,拿鐵,咖啡,1,90,90
T1742,2026-07-26,星期日,板橋店,抹茶拿鐵,茶飲,2,100,200
T1743,2026-07-26,星期日,板橋店,起司蛋糕,烘焙,1,120,120
T1744,2026-07-26,星期日,板橋店,肉桂捲,烘焙,3,85,255
T1745,2026-07-26,星期日,板橋店,起司蛋糕,烘焙,1,120,120
T1746,2026-07-26,星期日,板橋店,紅茶,茶飲,3,50,150
T1747,2026-07-26,星期日,板橋店,美式咖啡,咖啡,2,70,140
T1748,2026-07-26,星期日,板橋店,拿鐵,咖啡,1,90,90
T1749,2026-07-26,星期日,板橋店,可頌,烘焙,2,60,120
T1750,2026-07-26,星期日,板橋店,卡布奇諾,咖啡,3,95,285
T1751,2026-07-26,星期日,板橋店,拿鐵,咖啡,1,90,90
T1752,2026-07-26,星期日,板橋店,美式咖啡,咖啡,3,70,210
T1753,2026-07-26,星期日,板橋店,拿鐵,咖啡,3,90,270
T1778,2026-07-27,星期一,中壢店,可頌,烘焙,2,60,120
T1779,2026-07-27,星期一,中壢店,美式咖啡,咖啡,1,70,70
T1780,2026-07-27,星期一,中壢店,肉桂捲,烘焙,1,85,85
T1781,2026-07-27,星期一,中壢店,拿鐵,咖啡,1,90,90
T1782,2026-07-27,星期一,中壢店,拿鐵,咖啡,1,90,90
T1783,2026-07-27,星期一,中壢店,卡布奇諾,咖啡,2,95,190
T1784,2026-07-27,星期一,中壢店,卡布奇諾,咖啡,3,95,285
T1764,2026-07-27,星期一,信義店,可頌,烘焙,1,60,60
T1765,2026-07-27,星期一,信義店,拿鐵,咖啡,1,90,90
T1766,2026-07-27,星期一,信義店,拿鐵,咖啡,1,90,90
T1767,2026-07-27,星期一,信義店,拿鐵,咖啡,1,90,90
T1768,2026-07-27,星期一,信義店,抹茶拿鐵,茶飲,2,100,200
T1769,2026-07-27,星期一,信義店,可頌,烘焙,3,60,180
T1770,2026-07-27,星期一,信義店,美式咖啡,咖啡,2,70,140
T1771,2026-07-27,星期一,信義店,美式咖啡,咖啡,1,70,70
T1772,2026-07-27,星期一,板橋店,肉桂捲,烘焙,1,85,85
T1773,2026-07-27,星期一,板橋店,抹茶拿鐵,茶飲,3,100,300
T1774,2026-07-27,星期一,板橋店,美式咖啡,咖啡,1,70,70
T1775,2026-07-27,星期一,板橋店,卡布奇諾,咖啡,1,95,95
T1776,2026-07-27,星期一,板橋店,抹茶拿鐵,茶飲,1,100,100
T1777,2026-07-27,星期一,板橋店,卡布奇諾,咖啡,1,95,95
T1804,2026-07-28,星期二,中壢店,紅茶,茶飲,1,50,50
T1805,2026-07-28,星期二,中壢店,可頌,烘焙,2,60,120
T1806,2026-07-28,星期二,中壢店,卡布奇諾,咖啡,1,95,95
T1807,2026-07-28,星期二,中壢店,可頌,烘焙,2,60,120
T1808,2026-07-28,星期二,中壢店,紅茶,茶飲,2,50,100
T1809,2026-07-28,星期二,中壢店,紅茶,茶飲,1,50,50
T1810,2026-07-28,星期二,中壢店,拿鐵,咖啡,2,90,180
T1811,2026-07-28,星期二,中壢店,美式咖啡,咖啡,1,70,70
T1812,2026-07-28,星期二,中壢店,拿鐵,咖啡,1,90,90
T1813,2026-07-28,星期二,中壢店,起司蛋糕,烘焙,2,120,240
T1785,2026-07-28,星期二,信義店,紅茶,茶飲,1,50,50
T1786,2026-07-28,星期二,信義店,起司蛋糕,烘焙,3,120,360
T1787,2026-07-28,星期二,信義店,拿鐵,咖啡,1,90,90
T1788,2026-07-28,星期二,信義店,起司蛋糕,烘焙,1,120,120
T1789,2026-07-28,星期二,信義店,拿鐵,咖啡,1,90,90
T1790,2026-07-28,星期二,信義店,美式咖啡,咖啡,1,70,70
T1791,2026-07-28,星期二,信義店,拿鐵,咖啡,1,90,90
T1792,2026-07-28,星期二,信義店,卡布奇諾,咖啡,1,95,95
T1793,2026-07-28,星期二,信義店,美式咖啡,咖啡,1,70,70
T1794,2026-07-28,星期二,信義店,美式咖啡,咖啡,1,70,70
T1795,2026-07-28,星期二,信義店,美式咖啡,咖啡,1,70,70
T1796,2026-07-28,星期二,信義店,拿鐵,咖啡,2,90,180
T1797,2026-07-28,星期二,板橋店,可頌,烘焙,1,60,60
T1798,2026-07-28,星期二,板橋店,起司蛋糕,烘焙,2,120,240
T1799,2026-07-28,星期二,板橋店,美式咖啡,咖啡,1,70,70
T1800,2026-07-28,星期二,板橋店,美式咖啡,咖啡,2,70,140
T1801,2026-07-28,星期二,板橋店,拿鐵,咖啡,1,90,90
T1802,2026-07-28,星期二,板橋店,美式咖啡,咖啡,1,70,70
T1803,2026-07-28,星期二,板橋店,拿鐵,咖啡,1,90,90
T1830,2026-07-29,星期三,中壢店,抹茶拿鐵,茶飲,1,100,100
T1831,2026-07-29,星期三,中壢店,美式咖啡,咖啡,1,70,70
T1832,2026-07-29,星期三,中壢店,卡布奇諾,咖啡,3,95,285
T1833,2026-07-29,星期三,中壢店,肉桂捲,烘焙,3,85,255
T1834,2026-07-29,星期三,中壢店,美式咖啡,咖啡,1,70,70
T1835,2026-07-29,星期三,中壢店,拿鐵,咖啡,3,90,270
T1836,2026-07-29,星期三,中壢店,肉桂捲,烘焙,2,85,170
T1837,2026-07-29,星期三,中壢店,可頌,烘焙,2,60,120
T1814,2026-07-29,星期三,信義店,卡布奇諾,咖啡,1,95,95
T1815,2026-07-29,星期三,信義店,拿鐵,咖啡,1,90,90
T1816,2026-07-29,星期三,信義店,美式咖啡,咖啡,2,70,140
T1817,2026-07-29,星期三,信義店,起司蛋糕,烘焙,2,120,240
T1818,2026-07-29,星期三,信義店,抹茶拿鐵,茶飲,1,100,100
T1819,2026-07-29,星期三,信義店,肉桂捲,烘焙,1,85,85
T1820,2026-07-29,星期三,信義店,紅茶,茶飲,2,50,100
T1821,2026-07-29,星期三,信義店,可頌,烘焙,1,60,60
T1822,2026-07-29,星期三,板橋店,抹茶拿鐵,茶飲,1,100,100
T1823,2026-07-29,星期三,板橋店,美式咖啡,咖啡,2,70,140
T1824,2026-07-29,星期三,板橋店,肉桂捲,烘焙,1,85,85
T1825,2026-07-29,星期三,板橋店,可頌,烘焙,1,60,60
T1826,2026-07-29,星期三,板橋店,拿鐵,咖啡,2,90,180
T1827,2026-07-29,星期三,板橋店,可頌,烘焙,2,60,120
T1828,2026-07-29,星期三,板橋店,美式咖啡,咖啡,1,70,70
T1829,2026-07-29,星期三,板橋店,抹茶拿鐵,茶飲,1,100,100
T1853,2026-07-30,星期四,中壢店,美式咖啡,咖啡,1,70,70
T1854,2026-07-30,星期四,中壢店,拿鐵,咖啡,2,90,180
T1855,2026-07-30,星期四,中壢店,起司蛋糕,烘焙,1,120,120
T1856,2026-07-30,星期四,中壢店,可頌,烘焙,1,60,60
T1857,2026-07-30,星期四,中壢店,拿鐵,咖啡,3,90,270
T1858,2026-07-30,星期四,中壢店,美式咖啡,咖啡,1,70,70
T1859,2026-07-30,星期四,中壢店,拿鐵,咖啡,1,90,90
T1860,2026-07-30,星期四,中壢店,起司蛋糕,烘焙,2,120,240
T1861,2026-07-30,星期四,中壢店,紅茶,茶飲,1,50,50
T1838,2026-07-30,星期四,信義店,抹茶拿鐵,茶飲,3,100,300
T1839,2026-07-30,星期四,信義店,起司蛋糕,烘焙,1,120,120
T1840,2026-07-30,星期四,信義店,美式咖啡,咖啡,3,70,210
T1841,2026-07-30,星期四,信義店,起司蛋糕,烘焙,1,120,120
T1842,2026-07-30,星期四,信義店,紅茶,茶飲,1,50,50
T1843,2026-07-30,星期四,信義店,美式咖啡,咖啡,1,70,70
T1844,2026-07-30,星期四,信義店,美式咖啡,咖啡,1,70,70
T1845,2026-07-30,星期四,信義店,美式咖啡,咖啡,1,70,70
T1846,2026-07-30,星期四,信義店,卡布奇諾,咖啡,2,95,190
T1847,2026-07-30,星期四,板橋店,可頌,烘焙,3,60,180
T1848,2026-07-30,星期四,板橋店,可頌,烘焙,3,60,180
T1849,2026-07-30,星期四,板橋店,紅茶,茶飲,1,50,50
T1850,2026-07-30,星期四,板橋店,拿鐵,咖啡,3,90,270
T1851,2026-07-30,星期四,板橋店,美式咖啡,咖啡,2,70,140
T1852,2026-07-30,星期四,板橋店,抹茶拿鐵,茶飲,2,100,200
T1882,2026-07-31,星期五,中壢店,拿鐵,咖啡,3,90,270
T1883,2026-07-31,星期五,中壢店,卡布奇諾,咖啡,1,95,95
T1884,2026-07-31,星期五,中壢店,紅茶,茶飲,2,50,100
T1885,2026-07-31,星期五,中壢店,美式咖啡,咖啡,3,70,210
T1886,2026-07-31,星期五,中壢店,美式咖啡,咖啡,1,70,70
T1887,2026-07-31,星期五,中壢店,拿鐵,咖啡,3,90,270
T1862,2026-07-31,星期五,信義店,卡布奇諾,咖啡,1,95,95
T1863,2026-07-31,星期五,信義店,起司蛋糕,烘焙,2,120,240
T1864,2026-07-31,星期五,信義店,紅茶,茶飲,3,50,150
T1865,2026-07-31,星期五,信義店,卡布奇諾,咖啡,1,95,95
T1866,2026-07-31,星期五,信義店,紅茶,茶飲,2,50,100
T1867,2026-07-31,星期五,信義店,拿鐵,咖啡,1,90,90
T1868,2026-07-31,星期五,信義店,美式咖啡,咖啡,1,70,70
T1869,2026-07-31,星期五,信義店,卡布奇諾,咖啡,1,95,95
T1870,2026-07-31,星期五,信義店,拿鐵,咖啡,2,90,180
T1871,2026-07-31,星期五,信義店,美式咖啡,咖啡,1,70,70
T1872,2026-07-31,星期五,信義店,美式咖啡,咖啡,2,70,140
T1873,2026-07-31,星期五,板橋店,肉桂捲,烘焙,3,85,255
T1874,2026-07-31,星期五,板橋店,抹茶拿鐵,茶飲,2,100,200
T1875,2026-07-31,星期五,板橋店,起司蛋糕,烘焙,1,120,120
T1876,2026-07-31,星期五,板橋店,拿鐵,咖啡,1,90,90
T1877,2026-07-31,星期五,板橋店,卡布奇諾,咖啡,2,95,190
T1878,2026-07-31,星期五,板橋店,起司蛋糕,烘焙,1,120,120
T1879,2026-07-31,星期五,板橋店,美式咖啡,咖啡,1,70,70
T1880,2026-07-31,星期五,板橋店,起司蛋糕,烘焙,3,120,360
T1881,2026-07-31,星期五,板橋店,拿鐵,咖啡,1,90,90
